State,Year,Homeless_Rate,Temperature,Political_Index,CoCs_per_hundredthousands,Temp_Political,Temp_CoC,Political_CoC,Temp_Category,Political_Category,CoC_Category
AL,2010,126.34,62.7,12.6346,0.1671738652081304,792.18942,10.481801348549777,2.1121749173586446,Warm,Conservative,High
AR,2010,94.53,61.2,49.9575,0.1711177824230551,3057.3990000000003,10.472408284290971,8.548616615399775,Warm,Moderate,High
AZ,2010,213.99,60.4,18.9225,0.0468225295028758,1142.9189999999999,2.828080781973698,0.8859993145181673,Warm,Moderate,Low
CA,2010,330.87,57.7,48.4002,0.1152212588474519,2792.69154,6.648266635497975,5.5767319724684405,Warm,Moderate,Medium
CO,2010,306.74,46.2,77.2089,0.059437142151256,3567.0511800000004,2.745995967388027,4.589076364642109,Cold,Liberal,Low
CT,2010,120.59,51.4,55.33,0.2793987562284967,2843.962,14.361096070144729,15.459133182122722,Moderate,Moderate,High
DE,2010,109.16,56.7,90.66,0.1111613807577426,5140.4220000000005,6.302850288964005,10.077890779496943,Warm,Liberal,Medium
FL,2010,305.38,69.2,17.655,0.1485762915644165,1221.726,10.281479376257623,2.6231144275697735,Warm,Conservative,Medium
GA,2010,204.24,63.0,19.5348,0.0720766656840214,1230.6924000000001,4.5408299380933475,1.4080032488042211,Warm,Moderate,Low
IA,2010,98.8,48.2,60.7125,0.0983366358053524,2926.3425,4.739825845817986,5.970263001332458,Cold,Liberal,Low
ID,2010,149.36,43.3,9.245,0.1273280339405607,400.3084999999999,5.513303869626277,1.1771476737804836,Cold,Conservative,Medium
IL,2010,112.11,52.9,59.1036,0.1635449950831365,3126.5804399999997,8.651530239897921,9.666097971395667,Moderate,Liberal,Medium
IN,2010,99.41,52.6,19.2967,0.0462218847682249,1015.00642,2.4312711388086297,0.8919298438070055,Moderate,Moderate,Low
KS,2010,70.81,55.3,45.5975,0.1749358859977818,2521.54175,9.673954495677332,7.976639061783854,Moderate,Moderate,High
KY,2010,152.32,56.0,52.1092,0.068994367989741,2918.1152,3.863684607425496,3.5952413204510116,Moderate,Moderate,Low
LA,2010,274.66,66.5,12.9921,0.1980401942378225,863.97465,13.169672916815195,2.572958007557214,Warm,Conservative,High
MA,2010,253.51,50.4,70.8,0.304585210530059,3568.3199999999997,15.351094610714973,21.564632905528175,Moderate,Liberal,High
MD,2010,187.35,55.9,85.7325,0.2764031997125407,4792.44675,15.450938863931023,23.696737319355396,Moderate,Liberal,High
ME,2010,179.19,44.6,69.7075,0.2259667422148808,3108.9545,10.078116702783685,15.751576682943803,Cold,Liberal,High
MI,2010,132.2,47.1,57.5925,0.2126041887074779,2712.60675,10.013657288122209,12.244406738135421,Cold,Liberal,High
MN,2010,148.17,42.8,23.8075,0.2071240115477285,1018.961,8.86490769424278,4.931104904922546,Cold,Moderate,High
MO,2010,135.46,55.2,54.1492,0.1334228600724419,2989.03584,7.364941875998793,7.22474113463467,Moderate,Moderate,Medium
MS,2010,92.34,63.5,15.84,0.1009914668943238,1005.84,6.412958147789561,1.599704835606089,Warm,Conservative,Medium
MT,2010,163.02,41.6,47.2075,0.1009390358505173,1963.832,4.19906389138152,4.765079534913296,Cold,Moderate,Medium
NC,2010,127.33,59.0,58.3117,0.125335232579891,3440.3903,7.394778722213569,7.308510481628829,Warm,Liberal,Medium
ND,2010,118.42,40.9,11.3975,0.1482107260102413,466.15775,6.061818693818869,1.6892317497017253,Cold,Conservative,Medium
NE,2010,211.91,49.3,10.5975,0.3826094180948018,522.4567499999999,18.86264431207373,4.054703308259662,Moderate,Conservative,High
NH,2010,119.54,46.0,48.7175,0.2278316051040355,2241.005,10.480253834785632,11.09938622165585,Cold,Moderate,High
NJ,2010,156.11,54.7,25.2342,0.2272870360247679,1380.3107400000001,12.432600870554806,5.735406524456199,Moderate,Moderate,High
NM,2010,168.32,54.2,62.7483,0.0968733168261201,3400.95786,5.25053377197571,6.078635946200432,Moderate,Liberal,Low
NV,2010,414.63,50.1,40.7642,0.1110122279969138,2042.2864200000001,5.5617126226453815,4.525324664511794,Moderate,Moderate,Medium
NY,2010,338.18,47.3,88.6814,0.1649494909194789,4194.63022,7.802110920491352,14.627951784026676,Cold,Liberal,High
OH,2010,108.92,51.7,53.6381,0.0779940890879683,2773.08977,4.032294405847962,4.183454749909353,Moderate,Moderate,Low
OK,2010,139.07,60.3,47.5875,0.2127691263486903,2869.52625,12.829978318826024,10.1251508001183,Warm,Moderate,High
OR,2010,507.94,47.1,85.6025,0.2084695442933938,4031.8777500000006,9.818915536218848,17.845514165375242,Cold,Liberal,High
PA,2010,114.2,50.1,56.1759,0.1337407443537804,2814.41259,6.7004112921243975,7.513006680743532,Moderate,Liberal,Medium
RI,2010,121.64,52.0,36.05,0.0948803511332034,1874.6,4.933778258926576,3.4204366583519823,Moderate,Moderate,Low
SC,2010,96.49,62.6,14.6983,0.0862878099700818,920.11358,5.4016169041271205,1.2682841172832533,Warm,Conservative,Low
SD,2010,89.57,45.1,11.425,0.1225240943631565,515.2675,5.525836655778359,1.3998377780990632,Cold,Conservative,Medium
TN,2010,161.69,57.9,50.0369,0.1573487119670461,2897.1365100000003,9.110490422891969,7.87324176582389,Warm,Moderate,Medium
TX,2010,139.14,65.1,16.64,0.0673481480507207,1083.264,4.384364438101917,1.1206731835639925,Warm,Conservative,Low
UT,2010,118.33,48.3,15.5342,0.1080951756402477,750.3018599999999,5.220996983423964,1.679172077430736,Cold,Conservative,Medium
VA,2010,113.16,55.9,18.7495,0.2741877530550435,1048.09705,15.327095395776931,5.140883275905538,Moderate,Moderate,High
VT,2010,194.93,44.9,57.225,0.31955058405858,2569.4025,14.347821224230241,18.28628217275224,Cold,Liberal,High
WA,2010,339.29,47.1,80.7986,0.1038139772172811,3805.61406,4.88963832693394,8.388024019588208,Cold,Liberal,Medium
WI,2010,111.29,45.5,56.765,0.0702929017349166,2582.8075,3.1983270289387056,3.9901765669825413,Cold,Liberal,Low
WV,2010,122.1,52.1,72.4992,0.2157219214998713,3777.20832,11.239112110143294,15.63966673120347,Moderate,Liberal,High
WY,2010,102.57,42.0,43.36,0.1771519981859635,1821.12,7.440383923810467,7.681310641343377,Cold,Moderate,High
AL,2011,115.81,63.8,12.6346,0.1666989993267444,806.08748,10.635396157046292,2.106175176893685,Warm,Conservative,High
AR,2011,116.44,61.8,49.9575,0.2380412335024673,3087.3735,14.710948230452479,11.891944922699512,Warm,Moderate,High
AZ,2011,162.28,60.3,18.9225,0.0463489180540314,1141.02675,2.7948397586580933,0.8770374018774092,Warm,Moderate,Low
CA,2011,332.45,57.4,83.4002,0.1115882571851081,4787.17148,6.4051659624252055,9.306482966889453,Warm,Liberal,Medium
CO,2011,295.17,45.4,77.2089,0.0585810726897382,3505.28406,2.6595807001141143,4.522980183194728,Cold,Liberal,Low
CT,2011,124.18,50.9,90.33,0.1950793736168524,4597.797,9.929540117097787,17.621519818810278,Moderate,Liberal,High
DE,2011,114.06,57.4,90.66,0.1102072888896725,5203.884,6.3258983822672015,9.99139281073771,Warm,Liberal,Medium
FL,2011,297.52,71.7,17.655,0.146956656236418,1265.8635000000002,10.53679225215117,2.59451976585396,Warm,Conservative,Medium
GA,2011,213.98,64.6,19.5348,0.0714108571639014,1261.94808,4.61314137278803,1.394996812525381,Warm,Moderate,Low
IA,2011,102.21,48.4,25.7125,0.0978366362981747,1244.485,4.735293196831655,2.5156245108168167,Cold,Moderate,Low
ID,2011,138.83,42.4,9.245,0.1262698006831196,391.98799999999994,5.353839548964271,1.1673643073154407,Cold,Conservative,Medium
IL,2011,108.87,53.2,59.1036,0.1554309034250287,3144.31152,8.268924062211527,9.186525943671526,Moderate,Liberal,Medium
IN,2011,95.08,53.1,19.2967,0.0460367852328724,1024.65477,2.4445532958655245,0.8883580336031689,Moderate,Moderate,Low
KS,2011,87.51,55.2,10.5975,0.1742630849793933,584.9820000000001,9.619322290862511,1.8467530430691206,Moderate,Conservative,High
KY,2011,138.08,56.9,52.1092,0.0686526976734287,2965.01348,3.906338497618093,3.577437153604231,Warm,Moderate,Low
LA,2011,203.05,67.7,12.9921,0.1966944406501844,879.5651700000001,13.316213632017485,2.555473842371261,Warm,Conservative,High
MA,2011,251.97,49.7,70.8,0.3024079383293443,3518.76,15.029674534968413,21.410482033717578,Moderate,Liberal,High
MD,2011,174.81,56.5,85.7325,0.2739998619725695,4843.8862500000005,15.480992201450176,23.490693166563315,Moderate,Liberal,High
ME,2011,184.22,42.8,34.7075,0.2258553140743997,1485.481,9.666607442384308,7.838873313237229,Cold,Moderate,High
MI,2011,133.42,45.6,22.5925,0.2124987300671131,1030.218,9.689942091060358,4.800877559041253,Cold,Moderate,High
MN,2011,140.19,42.0,58.8075,0.1870507391964637,2469.915,7.856131046251475,10.999986345296039,Cold,Liberal,High
MO,2011,149.56,55.6,54.1492,0.1331053903523549,3010.69552,7.400659703590933,7.207550403267737,Moderate,Moderate,Medium
MS,2011,77.42,64.5,15.84,0.100714028893512,1021.68,6.496054863631524,1.5953102176732301,Warm,Conservative,Medium
MT,2011,177.28,41.6,47.2075,0.1002691223243184,1963.832,4.171195488691645,4.733454592125261,Cold,Moderate,Low
NC,2011,133.53,60.4,58.3117,0.1242545760889464,3522.02668,7.5049763957723625,7.2454955645258154,Warm,Liberal,Medium
ND,2011,88.0,40.7,11.3975,0.1459374657959064,463.8782500000001,5.939654857893391,1.6633222664088434,Cold,Conservative,Medium
NE,2011,192.76,48.8,10.5975,0.1629839536864797,517.158,7.953616939900209,1.7272224491924686,Cold,Conservative,Medium
NH,2011,111.27,44.9,48.7175,0.2272379529799227,2187.41575,10.202984088798528,11.070464974299384,Cold,Moderate,High
NJ,2011,160.14,54.9,25.2342,0.2152214339705738,1385.35758,11.815656724984501,5.430940709100254,Moderate,Moderate,High
NM,2011,173.09,54.6,27.7483,0.0961330481386238,1515.05718,5.24886442836886,2.667528659664975,Moderate,Moderate,Low
NV,2011,337.3,49.6,40.7642,0.1105897011497642,2021.90432,5.4852491770283045,4.508100695609218,Moderate,Moderate,Medium
NY,2011,325.37,47.1,88.6814,0.1641089517279159,4176.89394,7.729531626384839,14.553411591764,Cold,Liberal,High
OH,2011,112.87,52.3,18.6381,0.0779581006392304,974.77263,4.077208663431749,1.4529908755240402,Moderate,Moderate,Low
OK,2011,122.08,61.6,12.5875,0.2111721134553855,775.39,13.008202188851747,2.658128978119665,Warm,Conservative,High
OR,2011,445.61,46.3,85.6025,0.1807834431291444,3963.39575,8.370273416879385,15.475514690462585,Cold,Liberal,High
PA,2011,118.44,50.4,21.1759,0.1412228249037037,1067.2653599999999,7.117630375146666,2.9905204178783387,Moderate,Moderate,Medium
RI,2011,101.55,51.6,71.05,0.0949082664150964,3666.18,4.897266547018975,6.743232328792599,Moderate,Liberal,Low
SC,2011,109.01,64.1,14.6983,0.0856165483089233,942.1610299999999,5.4880207466019835,1.2584177120090474,Warm,Conservative,Low
SD,2011,100.29,44.8,11.425,0.1214212601341219,511.84,5.439672454008661,1.3872378970323427,Cold,Conservative,Medium
TN,2011,142.41,58.9,15.0369,0.1562673114881008,885.67341,9.204144646649137,2.3497759361154227,Warm,Conservative,Medium
TX,2011,143.93,67.3,16.64,0.062388799276477,1119.872,4.198766191306902,1.0381496199605773,Warm,Conservative,Low
UT,2011,111.21,47.6,15.5342,0.1065952620537922,739.4279200000001,5.073934473760509,1.655872119796019,Cold,Conservative,Medium
VA,2011,108.82,57.0,18.7495,0.2468783772190508,1068.7215,14.072067501485895,4.628846133668593,Warm,Moderate,High
VT,2011,182.44,44.3,92.225,0.3189543400914442,4085.5674999999997,14.129677266050976,29.415564014933437,Cold,Liberal,High
WA,2011,299.4,45.5,80.7986,0.1025396583114911,3676.3362999999995,4.665554453172845,8.285060836046844,Cold,Liberal,Medium
WI,2011,101.4,44.1,21.765,0.0701103958292727,959.8365,3.091868456070926,1.5259527652241203,Cold,Moderate,Low
WV,2011,119.11,53.5,72.4992,0.2154822951665705,3878.7072000000003,11.528302791411521,15.622294013740229,Moderate,Liberal,High
WY,2011,182.97,41.1,8.36,0.1762738873151547,343.596,7.244856768652858,1.4736496979546931,Cold,Conservative,High
AL,2012,108.17,64.9,12.5521,0.1661271686863577,814.63129,10.781653247744616,2.0852448340680305,Warm,Conservative,High
AR,2012,142.74,63.6,44.4625,0.2032407413680269,2827.815,12.926111151006511,9.036591463075895,Warm,Moderate,High
AZ,2012,172.42,62.1,22.4586,0.0457667439921232,1394.6790600000002,2.842114801910851,1.027856996621498,Warm,Moderate,Low
CA,2012,316.47,59.5,84.8071,0.1106754363774348,5046.02245,6.58518846445737,9.386062800404751,Warm,Liberal,Medium
CO,2012,322.92,48.3,76.7589,0.0577740023537128,3707.4548699999996,2.790484313684328,4.434668869268405,Cold,Liberal,Low
CT,2012,117.09,52.5,89.6925,0.194739420572328,4708.85625,10.22381958004722,17.466665479683527,Moderate,Liberal,High
DE,2012,110.14,58.5,89.8625,0.1092682415134088,5256.95625,6.392192128534415,9.819117352998699,Warm,Liberal,Medium
FL,2012,285.89,71.9,40.0174,0.1450940940381769,2877.2510600000005,10.432265361344921,5.806288398763341,Warm,Moderate,Medium
GA,2012,207.2,65.5,18.6529,0.0706968589385573,1221.76495,4.630644260475504,1.3187014400950154,Warm,Moderate,Low
IA,2012,95.18,52.1,23.24,0.0975232349107174,1210.8039999999999,5.080960538848377,2.2664399793250722,Moderate,Moderate,Low
ID,2012,123.36,45.1,8.395,0.1253663832550629,378.6145,5.654023884803338,1.0524507874262532,Cold,Conservative,Medium
IL,2012,109.79,55.8,62.9783,0.1552492487876974,3514.1891399999995,8.662908082353516,9.777333764926244,Moderate,Liberal,Medium
IN,2012,95.74,55.1,35.6444,0.0458876764514998,1964.0064399999999,2.528410972477639,1.6356386945078394,Moderate,Moderate,Low
KS,2012,93.02,58.2,9.7225,0.1732947879512986,565.8495,10.085756658765579,1.6848585758565007,Warm,Conservative,High
KY,2012,119.23,58.4,47.9483,0.0683940573771426,2800.1807200000003,3.994212950825128,3.279378781336447,Warm,Moderate,Low
LA,2012,168.92,68.7,13.6458,0.1956108404919656,937.46646,13.438464741798036,2.669266407185264,Warm,Conservative,High
MA,2012,262.66,51.3,90.4475,0.2851566222747844,4639.95675,14.628534722696438,25.791703593198562,Moderate,Liberal,High
MD,2012,160.59,57.5,88.33,0.2717856589579194,5078.974999999999,15.627675390080364,24.00682725575302,Warm,Liberal,High
ME,2012,180.23,43.9,34.465,0.1506331487826205,1513.0135,6.6127952315570395,5.191571472793016,Cold,Moderate,Medium
MI,2012,127.23,48.4,40.8429,0.2121824020967662,1976.79636,10.269628261483483,8.666144630598012,Cold,Moderate,High
MN,2012,144.03,45.2,79.9136,0.1859896593469196,3612.0947200000005,8.406732602480767,14.863103241185994,Cold,Liberal,High
MO,2012,169.93,58.6,71.305,0.1327940346263765,4178.473000000001,7.7817304291056635,9.468878639033779,Warm,Liberal,Medium
MS,2012,80.87,65.7,16.05,0.1005423926944557,1054.4850000000001,6.6056352000257395,1.613705402746014,Warm,Conservative,Medium
MT,2012,182.61,44.5,65.7425,0.0996231257154185,2925.54125,4.433229094336123,6.549473342345901,Cold,Liberal,Low
NC,2012,138.72,60.7,53.3963,0.123083538028095,3241.15541,7.471170758305367,6.572205521609569,Warm,Moderate,Medium
ND,2012,98.12,44.1,29.9725,0.1426175453809029,1321.78725,6.2894337512978185,4.274604378929112,Cold,Moderate,Medium
NE,2012,204.45,52.7,9.7175,0.1618731529598776,512.11225,8.53071516098555,1.5730023638876103,Moderate,Conservative,Medium
NH,2012,112.97,46.6,68.2075,0.226546405765757,3178.4694999999997,10.557062508684275,15.452163971267868,Cold,Liberal,High
NJ,2012,147.26,55.9,44.7375,0.2148120360766639,2500.8262499999996,12.007992816685512,9.610153463979751,Moderate,Moderate,High
NM,2012,155.46,56.0,47.1583,0.0958171502159,2640.8648,5.3657604120904,4.518573915026477,Moderate,Moderate,Low
NV,2012,309.66,52.4,23.3525,0.1093296054367426,1223.6709999999998,5.728871324885312,2.5531196109615313,Moderate,Moderate,Medium
NY,2012,355.42,48.8,87.8063,0.1583819940722217,4284.947439999999,7.729041310724418,13.906936886103718,Cold,Liberal,Medium
OH,2012,121.02,54.0,37.8775,0.0779293445804426,2045.3849999999998,4.2081846073439,2.9517687493457143,Moderate,Moderate,Low
OK,2012,131.77,63.2,8.3075,0.2094891241102604,525.034,13.239712643768458,1.7403308985459882,Warm,Conservative,High
OR,2012,405.95,48.0,85.0675,0.179533167598572,4083.24,8.617592044731456,15.272437734691522,Cold,Liberal,High
PA,2012,115.42,51.8,38.7381,0.1409871828552066,2006.63358,7.303136071899701,5.461575588163279,Moderate,Moderate,Medium
RI,2012,121.09,52.9,91.005,0.0948207934414353,4814.1645,5.016019973051928,8.629166307137819,Moderate,Liberal,Low
SC,2012,104.19,64.5,14.0296,0.0847932972594382,904.9092,5.4691676732337635,1.189616043231014,Warm,Conservative,Low
SD,2012,103.05,49.3,10.195,0.1199665053517058,502.6135,5.914348713839096,1.2230585220606407,Moderate,Conservative,Medium
TN,2012,146.05,60.3,14.3569,0.1549451199879514,865.7210699999999,9.343190735273469,2.2245315931550196,Warm,Conservative,Medium
TX,2012,130.55,67.8,17.1642,0.0536717598483174,1163.73276,3.63894531771592,0.9212328203884896,Warm,Conservative,Low
UT,2012,123.61,50.9,11.3425,0.1051386515967932,577.3332499999999,5.351557366276774,1.1925351557366268,Moderate,Conservative,Medium
VA,2012,102.92,57.6,38.447,0.2321296798565194,2214.5472000000004,13.370669559735518,8.924689801443602,Warm,Moderate,High
VT,2012,185.28,45.9,92.0625,0.3194428915970547,4225.66875,14.66242872430481,29.408711207653848,Cold,Liberal,High
WA,2012,297.29,47.1,81.4075,0.1014925494319462,3834.29325,4.780299078244666,8.262254717881161,Cold,Liberal,Medium
WI,2012,105.37,47.4,40.865,0.0699305589549577,1937.001,3.3147084944649947,2.8577122916943467,Cold,Moderate,Low
WV,2012,129.79,54.3,70.7492,0.2154160329845029,3841.68156,11.697090591058506,15.240512000827193,Moderate,Liberal,High
WY,2012,314.59,44.8,7.21,0.1735192302686945,323.008,7.773661516037514,1.2510736502372874,Cold,Conservative,High
AL,2013,97.08,62.6,12.5521,0.1656286923552627,785.7614599999999,10.368356141439445,2.078987909312493,Warm,Conservative,High
AR,2013,128.81,59.6,44.4625,0.2027437994188011,2649.965,12.083530445360546,9.014496181658444,Warm,Moderate,High
AZ,2013,159.24,60.5,22.4586,0.0452300127066182,1358.7453,2.736415768750401,1.0158027633728555,Warm,Moderate,Low
CA,2013,309.85,59.3,84.8071,0.1045456801502802,5029.06103,6.199558832911616,8.86621595107283,Warm,Liberal,Medium
CO,2013,185.12,45.1,76.7589,0.0569364219444357,3461.82639,2.56783262969405,4.370377118390745,Cold,Liberal,Low
CT,2013,123.73,49.8,89.6925,0.166905852025166,4466.6865,8.311911430853266,14.970203132767201,Moderate,Liberal,High
DE,2013,102.43,55.8,89.8625,0.1082747927620466,5014.327499999999,6.0417334361222,9.729843564579413,Moderate,Liberal,Medium
FL,2013,244.87,71.7,40.0174,0.1432545939573882,2869.24758,10.271354386744735,5.732676388230387,Warm,Moderate,Medium
GA,2013,170.18,63.4,18.6529,0.090248372546084,1182.59386,5.721746819421726,1.6833938682648502,Warm,Moderate,Low
IA,2013,99.71,46.7,23.24,0.0969933045521867,1085.308,4.529587322587119,2.2541243977928187,Cold,Moderate,Low
ID,2013,110.54,43.7,8.395,0.1241306201689914,366.8615,5.424508101384925,1.0420765563186827,Cold,Conservative,Medium
IL,2013,104.11,51.1,62.9783,0.1550973239585273,3218.19113,7.925473254280745,9.767765797457319,Moderate,Liberal,Medium
IN,2013,92.8,51.2,35.6444,0.0456710469767822,1824.99328,2.3383576052112485,1.6279170668592151,Moderate,Moderate,Low
KS,2013,93.08,53.7,9.7225,0.1728183071271652,522.09825,9.280343092728772,1.6802259910438637,Moderate,Conservative,High
KY,2013,119.08,55.0,47.9483,0.0681096992979479,2637.1565,3.7460334613871344,3.2657442948477953,Moderate,Moderate,Low
LA,2013,113.01,66.3,13.6458,0.1946144978718904,904.7165399999999,12.902941208906332,2.6556705150602418,Warm,Conservative,High
MA,2013,283.45,48.8,90.4475,0.2681238702489009,4413.838,13.084444868146363,24.251133754337463,Cold,Liberal,High
MD,2013,138.52,54.7,88.33,0.2701248044127588,4831.651,14.775826801377908,23.860123973778986,Moderate,Liberal,High
ME,2013,227.11,42.0,34.465,0.1506013889966107,1447.5300000000002,6.32525833785765,5.190476871768189,Cold,Moderate,Medium
MI,2013,116.28,44.1,40.8429,0.2118416453437963,1801.17189,9.342216559661416,8.652227136612138,Cold,Moderate,High
MN,2013,151.73,39.3,79.9136,0.1847240933233508,3140.60448,7.259656867607686,14.761967304204926,Cold,Liberal,High
MO,2013,142.05,53.6,71.305,0.1324346538447849,3821.9480000000003,7.09849744608047,9.443252992402387,Moderate,Liberal,Medium
MS,2013,80.4,63.1,16.05,0.1003777213654983,1012.7550000000001,6.333834218162943,1.6110624279162478,Warm,Conservative,Low
MT,2013,185.29,42.4,65.7425,0.0986612652912628,2787.482,4.183237648349543,6.4862382334108455,Cold,Liberal,Low
NC,2013,123.62,58.6,18.3963,0.1219098890863829,1078.0231800000001,7.1439195004620375,2.2426908925998257,Warm,Moderate,Medium
ND,2013,286.55,38.8,29.9725,0.138497249444626,1162.933,5.373693278451488,4.151108808979052,Cold,Moderate,Medium
NE,2013,168.61,48.5,9.7175,0.160833848448409,471.29875,7.800441649747837,1.5629029222974145,Cold,Conservative,Medium
NH,2013,109.07,44.2,68.2075,0.2261382669667772,3014.7715,9.995311399931552,15.424325844136455,Cold,Liberal,High
NJ,2013,135.51,53.2,44.7375,0.19193918643979,2380.035,10.211164718596828,8.586879353350104,Moderate,Moderate,High
NM,2013,134.73,53.7,47.1583,0.0955898202576814,2532.40071,5.1331733478374915,4.507853420657816,Moderate,Moderate,Low
NV,2013,253.57,50.5,23.3525,0.1080703321721776,1179.30125,5.457551774694968,2.523712432050777,Moderate,Moderate,Medium
NY,2013,394.56,45.7,87.8063,0.152870549677145,4012.74791,6.986184120245527,13.422997346116295,Cold,Liberal,Medium
OH,2013,106.46,50.9,37.8775,0.0777424692597638,1927.9647499999999,3.9570916853219775,2.9446903793867034,Moderate,Moderate,Low
OK,2013,114.4,58.8,8.3075,0.2076188864672452,488.48099999999994,12.207990524274017,1.7247938993266392,Warm,Conservative,High
OR,2013,352.38,47.6,85.0675,0.1784590721963825,4049.2129999999997,8.494651836547806,15.181067124065766,Cold,Liberal,High
PA,2013,118.08,49.0,38.7381,0.1408857597291987,1898.1669000000002,6.903402226730736,5.457646648965673,Moderate,Moderate,Medium
RI,2013,131.17,50.7,91.005,0.0947794529519534,4613.9535,4.805318264664038,8.625404115892518,Moderate,Liberal,Low
SC,2013,137.36,62.3,14.0296,0.083961646319961,874.04408,5.23081056573357,1.1779483132105248,Warm,Conservative,Low
SD,2013,129.88,44.0,10.195,0.1187202902473655,448.58000000000004,5.223692770884082,1.2103533590718913,Cold,Conservative,Medium
TN,2013,146.71,57.1,14.3569,0.1539802350970229,819.77899,8.792271424040008,2.210678837264448,Warm,Conservative,Medium
TX,2013,111.84,65.1,17.1642,0.0453167653225235,1117.38942,2.95012142249628,0.777826023348858,Warm,Conservative,Low
UT,2013,113.09,47.8,11.3425,0.1035325299209011,542.1714999999999,4.948854930219072,1.1743177206278208,Cold,Conservative,Medium
VA,2013,92.4,55.1,38.447,0.1938823572750174,2118.4297,10.68291788585346,7.454194990152595,Moderate,Moderate,High
VT,2013,232.19,43.2,92.0625,0.3193816770731863,3977.1000000000004,13.79728844956165,29.403075645550217,Cold,Liberal,High
WA,2013,255.03,47.2,81.4075,0.1005171607922762,3842.434,4.744409989395437,8.182850767197225,Cold,Liberal,Medium
WI,2013,106.4,41.8,40.865,0.0697258414776021,1708.157,2.9145401737637675,2.8493465119822097,Cold,Moderate,Low
WV,2013,120.83,51.8,70.7492,0.2157597385855007,3664.80856,11.176354458728936,15.264828897133308,Moderate,Liberal,High
WY,2013,163.71,41.7,7.21,0.171785295865815,300.65700000000004,7.163446837604487,1.2385719831925261,Cold,Conservative,High
AL,2014,94.2,62.0,12.5521,0.1652278419653521,778.2302,10.244126201851829,2.0739563951332958,Warm,Conservative,High
AR,2014,98.94,58.7,44.4625,0.2021977547961307,2609.94875,11.869008206532872,8.990217672622961,Warm,Moderate,High
AZ,2014,155.93,62.3,20.2364,0.0445737876709794,1260.7277199999999,2.7769469719020163,0.9020129968250076,Warm,Moderate,Low
CA,2014,295.24,61.5,85.1845,0.1036350727202123,5238.84675,6.3735569722930565,8.828101852134925,Warm,Liberal,Medium
CO,2014,187.44,46.1,56.7589,0.056073707767386,2616.58529,2.5849979280764948,3.182681971798285,Cold,Liberal,Low
CT,2014,123.8,48.7,89.6925,0.1669205714025,4368.02475,8.12903182730175,14.97152335051873,Cold,Liberal,High
DE,2014,96.62,54.7,89.8625,0.1072401009343829,4915.47875,5.866033521110745,9.636863570215983,Moderate,Liberal,Medium
FL,2014,209.32,70.6,40.0174,0.1410869977195806,2825.22844,9.96074203900239,5.645934822543546,Warm,Moderate,Medium
GA,2014,164.11,63.0,17.2243,0.0893985444724979,1085.1308999999999,5.632108301767367,1.5398273495576456,Warm,Conservative,Low
IA,2014,100.41,45.5,18.24,0.096483187804525,829.92,4.389985045105887,1.7598533455545358,Cold,Conservative,Low
ID,2014,128.99,45.1,8.395,0.1226157369941487,378.6145,5.529969738436106,1.0293591120658783,Cold,Conservative,Medium
IL,2014,101.73,49.5,80.7561,0.1552253550062078,3997.42695,7.683655072807285,12.535394291416818,Moderate,Liberal,Medium
IN,2014,90.56,49.4,35.6444,0.0454983617556543,1760.8333599999999,2.247619070729322,1.621761805763244,Moderate,Moderate,Low
KS,2014,95.95,53.7,9.7225,0.1723855575379894,522.09825,9.257104439790032,1.676018583163102,Moderate,Conservative,High
KY,2014,115.28,54.3,47.9483,0.0679601907325406,2603.59269,3.6902383567769546,3.2585756133010766,Moderate,Moderate,Low
LA,2014,99.18,65.1,13.6458,0.1937979071118018,888.3415799999999,12.616243752978297,2.644527480866225,Warm,Conservative,High
MA,2014,314.04,47.7,90.4475,0.2661699737793001,4314.34575,12.696307749272615,24.074408703403243,Cold,Liberal,High
MD,2014,131.87,53.6,88.33,0.2685788135295905,4734.488,14.395824405186051,23.72356659906873,Moderate,Liberal,High
ME,2014,204.88,41.2,24.465,0.1503179600650275,1007.9580000000001,6.193099954679134,3.6775288929908982,Cold,Moderate,Medium
MI,2014,123.13,41.9,40.8429,0.2114835997489589,1711.3175099999999,8.861162829481378,8.637603516186752,Cold,Moderate,High
MN,2014,153.68,38.6,76.485,0.1834499188142384,2952.321,7.081166866229602,14.031167040507023,Cold,Liberal,High
MO,2014,120.24,52.9,71.305,0.1320959901931936,3772.0345,6.987877881219941,9.419104580725671,Moderate,Liberal,Medium
MS,2014,74.44,62.3,16.05,0.1003187460959287,999.915,6.249857881776357,1.6101158748396556,Warm,Conservative,Low
MT,2014,170.77,41.9,45.7425,0.0978599018073745,1916.6107499999998,4.100329885728992,4.476356558423828,Cold,Moderate,Low
NC,2014,115.69,58.4,16.8579,0.1208107975052973,984.50136,7.0553505743093625,2.0366163432645514,Warm,Conservative,Medium
ND,2014,170.6,39.0,29.9725,0.1356114244488412,1168.9275,5.288845553504807,4.064613419292892,Cold,Moderate,Medium
NE,2014,161.02,48.0,16.3842,0.1596321224527369,786.4416,7.662341877731371,2.615444620690132,Cold,Conservative,Medium
NH,2014,103.2,43.1,78.2075,0.224998706257439,3370.74325,9.697444239695622,17.59658631962866,Cold,Liberal,High
NJ,2014,131.66,51.9,44.7375,0.1917756450571237,2321.87625,9.95315597846472,8.57956292074307,Moderate,Moderate,High
NM,2014,131.41,54.8,47.1583,0.0957135637605476,2584.2748399999996,5.2451032940780085,4.513688953889032,Moderate,Moderate,Low
NV,2014,304.58,53.0,18.3525,0.1064725364739419,972.6825,5.643044433118921,1.9540372256380187,Moderate,Moderate,Medium
NY,2014,410.11,44.5,84.8433,0.1475748190338337,3775.52685,6.5670794470056,12.520734643733263,Cold,Liberal,Medium
OH,2014,101.9,49.2,37.8775,0.0775681522404267,1863.573,3.8163530902289935,2.938087686486762,Moderate,Moderate,Low
OK,2014,108.07,58.9,8.3075,0.2062819559758206,489.31174999999996,12.150007206975834,1.7136873492691296,Warm,Conservative,High
OR,2014,306.92,49.6,85.0675,0.1766229886426372,4219.348,8.760500236674805,15.024876086357539,Moderate,Liberal,High
PA,2014,119.9,47.4,38.7381,0.1407535145566111,1836.18594,6.671716589983365,5.452523722245457,Cold,Moderate,Medium
RI,2014,112.7,49.7,91.005,0.0947027092551063,4522.9485,4.706724649978783,8.618420055760948,Moderate,Liberal,Low
SC,2014,104.84,62.2,14.0296,0.0829253234657726,872.6411200000001,5.157955119571056,1.1634091180954031,Warm,Conservative,Low
SD,2014,104.22,43.7,10.195,0.1177677361154783,445.52150000000006,5.146450068246402,1.2006420696973013,Cold,Conservative,Medium
TN,2014,143.93,56.6,14.3569,0.1528766103831042,812.60054,8.652816147683698,2.1948342076091887,Warm,Conservative,Medium
TX,2014,105.68,64.9,16.6086,0.0445032332155221,1077.89814,2.8882598356873848,0.7391363991833204,Warm,Conservative,Low
UT,2014,104.91,50.4,6.3425,0.1021492543615177,319.662,5.1483224198204915,0.6478816457879261,Moderate,Conservative,Medium
VA,2014,84.47,54.4,73.447,0.192516104874592,3995.5168,10.472876105177805,14.13973035472416,Moderate,Liberal,High
VT,2014,249.35,42.0,92.0625,0.319890469503242,3866.625,13.435399719136164,29.44991634864222,Cold,Liberal,High
WA,2014,261.42,48.4,81.4075,0.0992252633190425,3940.123,4.802502744641656,8.077680623644952,Cold,Liberal,Low
WI,2014,105.28,40.2,40.865,0.0695467723777606,1642.7730000000001,2.795780249585976,2.8420288532171867,Cold,Moderate,Low
WV,2014,108.84,50.8,44.0825,0.2162759551422041,2239.391,10.986818521223968,9.533984792556213,Moderate,Moderate,High
WY,2014,129.95,42.1,7.21,0.1716646839395671,303.541,7.227083193855775,1.2377023712042787,Cold,Conservative,High
AL,2015,81.82,64.6,12.5521,0.1648686707690113,810.8656599999999,10.65051613167813,2.0694480423597064,Warm,Conservative,High
AR,2015,85.96,61.4,44.4625,0.2350532966560646,2729.9975,14.432272414682366,10.451057202570272,Warm,Moderate,High
AZ,2015,144.9,61.8,20.2364,0.0439259490494131,1250.60952,2.714623651253729,0.8889030753435432,Warm,Moderate,Low
CA,2015,297.39,60.8,85.1845,0.1104885921171014,5179.2176,6.717706400719765,9.411915475199224,Warm,Liberal,Medium
CO,2015,182.6,47.4,56.7589,0.0550395798792174,2690.3718599999997,2.6088760862749045,3.123986010406512,Cold,Liberal,Low
CT,2015,112.82,49.8,89.6925,0.0836325053901149,4466.6865,4.164898768427721,7.50120848970288,Moderate,Liberal,Low
DE,2015,101.25,56.4,89.8625,0.1062414741217017,5068.245,5.992019140463976,9.54712446826142,Moderate,Liberal,Medium
FL,2015,177.64,73.4,40.0174,0.1336035622074515,2937.2771600000005,9.806501466026942,5.34646719028047,Warm,Moderate,Medium
GA,2015,135.48,65.3,17.2243,0.08842213355338,1124.74679,5.773965321035713,1.5230093549634829,Warm,Conservative,Low
IA,2015,98.72,49.3,18.24,0.0961242694555521,899.2319999999999,4.738926484158718,1.75330667486927,Moderate,Conservative,Low
ID,2015,119.08,46.4,8.395,0.1211343749678236,389.52799999999996,5.620634998507015,1.016923077854879,Cold,Conservative,Medium
IL,2015,102.47,52.9,45.7561,0.1555341419605218,2420.49769,8.227756109711603,7.116635752959832,Moderate,Moderate,Medium
IN,2015,88.72,52.3,35.6444,0.0453966166204276,1864.2021199999997,2.3742430492483635,1.6181351614651693,Moderate,Moderate,Low
KS,2015,88.96,56.3,9.7225,0.171879721321095,547.37675,9.676828310377648,1.6711005905443461,Moderate,Conservative,High
KY,2015,102.53,56.6,12.9483,0.0677816599095883,732.87378,3.836441950882698,0.8776572670073222,Warm,Conservative,Low
LA,2015,87.49,68.1,13.6458,0.1929414306992969,929.2789799999999,13.139311430622117,2.6328401750364656,Warm,Conservative,High
MA,2015,311.07,48.5,90.4475,0.2354940105042103,4386.703750000001,11.421459509454198,21.29984451507956,Cold,Liberal,High
MD,2015,140.17,55.4,88.33,0.2673099033975423,4893.482,14.808968648223843,23.61148376710491,Moderate,Liberal,High
ME,2015,178.58,41.2,24.465,0.1505727032769137,1007.9580000000001,6.203595375008844,3.6837611856696935,Cold,Moderate,Medium
MI,2015,105.88,45.1,40.8429,0.2114438442907393,1842.0147900000002,9.536117377512344,8.635979787982237,Cold,Moderate,High
MN,2015,137.65,43.5,76.485,0.1824141121394402,3327.0975,7.935013878065648,13.951943366985084,Cold,Liberal,High
MO,2015,106.76,55.8,71.305,0.1317581210764902,3978.819,7.352103156068154,9.395012823359135,Moderate,Liberal,Medium
MS,2015,66.36,65.3,16.05,0.1003857825623872,1048.065,6.555191601323884,1.6111918101263145,Warm,Conservative,Medium
MT,2015,165.85,44.9,45.7425,0.0970426259734588,2053.83825,4.357213906208299,4.438972318590939,Cold,Moderate,Low
NC,2015,106.51,60.5,16.8579,0.1196214459720767,1019.90295,7.237097481310641,2.016566374052672,Warm,Conservative,Medium
ND,2015,173.06,43.4,29.9725,0.1326143865391093,1300.8065,5.755464375797344,3.974784700543454,Cold,Moderate,Medium
NE,2015,145.09,50.8,16.3842,0.1586229833070459,832.3173599999999,8.058047551997932,2.5989106830993016,Moderate,Conservative,Medium
NH,2015,108.13,43.6,78.2075,0.2244920866539454,3409.8469999999998,9.78785497811202,17.556964866988434,Cold,Liberal,High
NJ,2015,113.87,53.9,44.7375,0.1804250340185763,2411.3512499999997,9.724909333601262,8.071764959406057,Moderate,Moderate,High
NM,2015,125.83,54.9,47.1583,0.0957262535472559,2588.9906699999997,5.2553713197443495,4.514287382657558,Moderate,Moderate,Low
NV,2015,304.96,52.9,18.3525,0.1046412218746195,970.8472499999999,5.535520637167371,1.9204280244539542,Moderate,Moderate,Medium
NY,2015,449.0,45.7,84.8433,0.1373719604291418,3877.33881,6.27789859161178,11.655090450277806,Cold,Liberal,Medium
OH,2015,96.25,51.6,37.8775,0.0774691550103563,1954.479,3.997408398534385,2.9343379189047702,Moderate,Moderate,Low
OK,2015,96.61,60.8,8.3075,0.2046297480496227,505.09599999999995,12.44148868141706,1.6999616319222404,Warm,Conservative,High
OR,2015,329.35,50.4,85.0675,0.1743118169466944,4287.402,8.785315574113397,14.828270488112924,Moderate,Liberal,High
PA,2015,120.62,49.5,38.7381,0.1251483594692646,1917.5359500000002,6.194843793728597,4.848009663956319,Moderate,Moderate,Medium
RI,2015,105.2,50.4,91.005,0.0946911411702878,4586.652,4.772433514982505,8.617367302202041,Moderate,Liberal,Low
SC,2015,109.45,64.5,14.0296,0.0817671851115038,904.9092,5.273983439691995,1.1471609002403538,Warm,Conservative,Low
SD,2015,121.31,47.5,10.195,0.1170976641357958,484.2625,5.562139046450301,1.1938106858644382,Cold,Conservative,Medium
TN,2015,138.41,59.0,14.3569,0.1517181319856717,847.0571,8.95136978715463,2.17820204910509,Warm,Conservative,Medium
TX,2015,86.2,65.8,16.6086,0.0400436023865404,1092.8458799999999,2.6348690370343584,0.6650681745970949,Warm,Conservative,Low
UT,2015,101.45,50.7,6.3425,0.1006091886371982,321.56475,5.100885863905949,0.6381137789314296,Moderate,Conservative,Medium
VA,2015,83.73,56.5,73.447,0.191346177764426,4149.7555,10.811059043690069,14.053802718263796,Moderate,Liberal,High
VT,2015,243.6,42.6,92.0625,0.3198894462073907,3921.8625,13.627290408434844,29.449822141467905,Cold,Liberal,High
WA,2015,271.08,50.0,81.4075,0.0977154545506575,4070.375,4.885772727532875,7.95477086633265,Moderate,Liberal,Low
WI,2015,105.14,44.8,40.865,0.0694331133460858,1830.752,3.1106034779046436,2.8373841768877965,Cold,Moderate,Low
WV,2015,99.62,53.1,44.0825,0.2171493716240058,2340.7807500000004,11.530631633234709,9.572487174615237,Moderate,Moderate,High
WY,2015,136.27,44.2,7.21,0.1707612365162658,318.682,7.547646654018949,1.2311885152822764,Cold,Conservative,High
AL,2016,84.53,65.3,11.7646,0.1644897476624464,768.2283799999999,10.74118052235775,1.9351560853496168,Warm,Conservative,High
AR,2016,82.38,62.8,8.9275,0.2341201330605053,560.6469999999999,14.702744356199732,2.090107487897661,Warm,Conservative,High
AZ,2016,139.85,62.2,20.9164,0.0432209894955707,1301.00008,2.6883455466244977,0.9040275046851549,Warm,Moderate,Low
CA,2016,301.64,60.1,86.2495,0.1097859717374653,5183.59495,6.598136901421665,9.468985169370512,Warm,Liberal,Medium
CO,2016,190.46,47.3,76.7414,0.0541592987453998,3629.86822,2.5617348306574104,4.156260408740224,Cold,Liberal,Low
CT,2016,109.05,51.8,89.285,0.0558949465658284,4624.963,2.8953582321099107,4.990580304129988,Moderate,Liberal,Low
DE,2016,112.76,57.4,89.0,0.105382850627186,5108.599999999999,6.048975626000476,9.379073705819554,Warm,Liberal,Medium
FL,2016,162.8,72.5,20.4931,0.1309822695123195,1485.74975,9.496214539643164,2.684232747342915,Warm,Moderate,Medium
GA,2016,125.31,65.8,17.5493,0.0873626101618246,1154.7439399999998,5.748459748648059,1.5331526545129084,Warm,Conservative,Low
IA,2016,97.85,50.7,16.235,0.0958046810805873,823.1145,4.8572973307857765,1.5553889973433348,Moderate,Conservative,Low
ID,2016,133.56,45.1,7.9225,0.1188792068379319,357.30475,5.361452228390729,0.9418205161735156,Cold,Conservative,Medium
IL,2016,90.4,54.7,46.9772,0.1559998274641908,2569.65284,8.533190562291237,7.328435094750785,Moderate,Moderate,Medium
IN,2016,87.39,54.2,14.4144,0.0452195136068531,781.26048,2.450897637491438,0.6518121569346234,Moderate,Conservative,Low
KS,2016,77.47,57.2,9.7225,0.1717714862081238,556.1270000000001,9.825329011104682,1.6700482746584837,Warm,Conservative,High
KY,2016,95.47,57.9,11.9158,0.0675952450800801,689.9248200000001,3.913764690136637,0.8054514213252184,Warm,Conservative,Low
LA,2016,85.38,68.7,13.2908,0.1923843582966289,913.0779600000001,13.216805414978406,2.5569420292488356,Warm,Conservative,High
MA,2016,287.36,50.3,56.1625,0.2344800580572623,2824.97375,11.794346920280294,13.168986260640994,Moderate,Moderate,High
MD,2016,128.08,56.5,53.5025,0.2665190595275317,3022.8912499999997,15.05832686330554,14.259435982371764,Moderate,Moderate,High
ME,2016,168.33,43.3,22.9,0.1502271810545497,991.5699999999998,6.5048369396620025,3.440202446149188,Cold,Moderate,Medium
MI,2016,93.62,47.4,39.6129,0.2110431652615714,1877.65146,10.003446033398484,8.360031801190102,Cold,Moderate,High
MN,2016,132.92,44.6,80.2075,0.1810694104235141,3577.2545,8.075695704888728,14.523124736544005,Cold,Liberal,High
MO,2016,101.76,57.4,50.045,0.1314247178680939,2872.583,7.543778805628589,6.577150005708759,Warm,Moderate,Medium
MS,2016,58.17,65.9,15.2275,0.1004036897686632,1003.49225,6.616603155754906,1.5288971859523188,Warm,Conservative,Medium
MT,2016,136.23,44.6,44.7225,0.0960744923183639,1994.6235,4.28492235739903,4.296691482708029,Cold,Moderate,Low
NC,2016,94.13,60.8,16.6404,0.1181708569396032,1011.73632,7.184788101927874,1.9664103278177731,Warm,Conservative,Medium
ND,2016,122.34,44.4,7.5475,0.1325496995098312,335.109,5.885206658236505,1.000418857050451,Cold,Conservative,Medium
NE,2016,144.52,51.7,9.1125,0.1574294086531599,471.11625000000004,8.139100427368367,1.4345754863519198,Moderate,Conservative,Medium
NH,2016,101.77,45.7,87.55,0.2234958172757797,4001.0350000000003,10.213758849503133,19.56705880249451,Cold,Liberal,High
NJ,2016,100.27,55.0,45.9867,0.1690935918376043,2529.2685,9.300147551068237,7.7760562797583574,Moderate,Moderate,High
NM,2016,108.19,55.5,46.9958,0.0956192060737319,2608.2669,5.3068659370921205,4.4937010847998895,Moderate,Moderate,Low
NV,2016,253.57,51.9,47.8225,0.1028255430988122,2481.98775,5.336645686828353,4.9173745348429465,Moderate,Moderate,Medium
NY,2016,439.82,47.7,84.1858,0.1324272052745959,4015.6626600000004,6.316777691598224,11.148490217806074,Cold,Liberal,Medium
OH,2016,89.42,53.6,16.4325,0.0773570034303533,880.782,4.146335383866937,1.2711689588692807,Moderate,Conservative,Low
OK,2016,104.6,62.3,7.675,0.2037525618701021,478.1525,12.69378460450736,1.5638009123530336,Warm,Conservative,High
OR,2016,323.67,48.8,85.04,0.1711501485583289,4149.952,8.35212724964645,14.554608633400292,Cold,Liberal,High
PA,2016,120.0,50.9,52.9606,0.1251733357324889,2695.69454,6.371322788783685,6.629254964394051,Moderate,Moderate,Medium
RI,2016,109.77,52.2,89.5775,0.0946279701354126,4675.945500000001,4.939580041068538,8.476536994804922,Moderate,Liberal,Low
SC,2016,101.88,64.9,13.4921,0.0806782133325588,875.6372900000001,5.236016045283066,1.0885185221042166,Warm,Conservative,Low
SD,2016,124.22,48.4,8.5075,0.1158753922382027,411.763,5.608368984329011,0.9858098994665095,Cold,Conservative,Medium
TN,2016,132.09,60.3,13.5394,0.1504662195813728,816.42582,9.073113040756779,2.037222333400039,Warm,Conservative,Medium
TX,2016,82.83,67.2,17.4336,0.0394061705047679,1171.53792,2.648094657920403,0.6869914141119216,Warm,Conservative,Low
UT,2016,92.28,50.2,9.405,0.0986236089139962,472.131,4.95090516748261,0.9275550418361342,Moderate,Conservative,Low
VA,2016,74.53,57.1,75.4802,0.1902473048496654,4309.91942,10.863121106915894,14.359904619513713,Warm,Liberal,High
VT,2016,179.1,44.7,91.2975,0.3206890967310556,4080.99825,14.334802623878186,29.27811280880355,Cold,Liberal,High
WA,2016,285.51,48.6,81.6975,0.0959591466270839,3970.4985,4.663614526076278,7.839622381566187,Cold,Liberal,Low
WI,2016,98.48,46.2,19.8975,0.0692925301959523,919.2645000000001,3.2013148950529966,1.378748119573961,Cold,Moderate,Low
WV,2016,75.75,54.1,41.96,0.218457113864763,2270.036,11.818529860083679,9.166460497765454,Moderate,Moderate,High
WY,2016,146.69,43.9,6.0725,0.1711698604109788,266.58275,7.51435687204197,1.0394289773456689,Cold,Conservative,High
AL,2017,77.81,65.0,11.7646,0.1641198682281578,764.699,10.667791434830256,1.9308046017569853,Warm,Conservative,High
AR,2017,82.2,62.5,8.9275,0.1999103735158737,557.96875,12.494398344742107,1.7846998595629626,Warm,Conservative,High
AZ,2017,127.02,63.0,20.9164,0.04258938944987,1317.7332,2.68313153534181,0.8908167054892608,Warm,Moderate,Low
CA,2017,334.19,60.3,86.2495,0.1092521393792044,5200.8448499999995,6.587904004566025,9.42294239538669,Warm,Liberal,Medium
CO,2017,194.94,47.9,76.7414,0.0534579735685959,3675.91306,2.5606369339357435,4.102439732817045,Cold,Liberal,Low
CT,2017,94.81,50.9,89.285,0.0559707183589833,4544.6065,2.8489095644722497,4.997345588681823,Moderate,Liberal,Low
DE,2017,103.89,57.6,89.0,0.1045125378466027,5126.400000000001,6.019922179964316,9.301615868347639,Warm,Liberal,Medium
FL,2017,153.55,72.8,20.4931,0.1287945928022998,1491.8976799999998,9.376246356007425,2.6394004697568096,Warm,Moderate,Medium
GA,2017,97.73,65.8,17.5493,0.0864525908400598,1154.7439399999998,5.688580477275934,1.5171824524294613,Warm,Conservative,Low
IA,2017,87.73,50.0,16.235,0.0954942623864016,811.75,4.77471311932008,1.55034934984323,Moderate,Conservative,Low
ID,2017,118.59,44.3,7.9225,0.1164337506513013,350.96675,5.158015153852647,0.9224463895349345,Cold,Conservative,Medium
IL,2017,84.5,54.4,46.9772,0.1565088754618185,2555.5596800000003,8.514082825122927,7.3523487443449405,Moderate,Moderate,Medium
IN,2017,81.68,54.0,14.4144,0.0300386988557358,778.3776,1.6220897382097332,0.43298982078611814,Moderate,Conservative,Low
KS,2017,78.63,56.5,9.7225,0.1718970350511806,549.32125,9.712182480391704,1.6712689232851032,Moderate,Conservative,High
KY,2017,90.4,57.8,11.9158,0.0673813885417499,688.73324,3.8946442577131437,0.8029031495857835,Warm,Conservative,Low
LA,2017,70.76,68.7,48.2908,0.1712856702408276,3317.57796,11.767325545544857,8.271522044465758,Warm,Moderate,High
MA,2017,256.06,49.6,56.1625,0.2186656178491787,2785.6600000000003,10.845814645319264,12.280807762454499,Moderate,Moderate,High
MD,2017,120.3,56.7,53.5025,0.2656100698089666,3033.59175,15.060090958168407,14.210802759954236,Warm,Moderate,High
ME,2017,170.84,42.4,22.9,0.0749281439099903,970.9599999999999,3.1769533017835885,1.7158544955387776,Cold,Moderate,Low
MI,2017,90.75,46.3,39.6129,0.2105661280919881,1834.07727,9.749211730659049,8.341134975495116,Cold,Moderate,High
MN,2017,137.76,42.6,80.2075,0.1796548112456725,3416.8395,7.653294959065649,14.409663272987277,Cold,Liberal,High
MO,2017,98.86,57.2,15.045,0.1310042953033322,860.5740000000001,7.493445691350603,1.9709596228386332,Warm,Conservative,Medium
MS,2017,49.26,65.8,15.2275,0.100384472529789,1001.9694999999999,6.605298292460116,1.528604555447362,Warm,Conservative,Low
MT,2017,145.28,43.2,44.7225,0.0950135014185515,1932.012,4.104583261281425,4.249241317191169,Cold,Moderate,Low
NC,2017,87.28,61.0,51.6404,0.1168652873381427,3150.0644,7.128782527626705,6.034970184256625,Warm,Moderate,Medium
ND,2017,144.25,42.0,7.5475,0.1324605068998678,316.995,5.563341289794447,0.9997456758267522,Cold,Conservative,Medium
NE,2017,130.54,50.7,9.1125,0.1565805317161696,462.0037500000001,7.938632958009799,1.4268400952635956,Moderate,Conservative,Medium
NH,2017,107.95,44.9,52.55,0.2224220725733566,2359.495,9.986751058543712,11.68827991372989,Cold,Moderate,High
NJ,2017,96.07,54.6,45.9867,0.1800681445384487,2510.87382,9.8317206917993,8.280739742446277,Moderate,Moderate,High
NM,2017,118.65,56.4,46.9958,0.0956121664569573,2650.5631200000003,5.392526188172392,4.493370252377875,Moderate,Moderate,Low
NV,2017,263.75,52.2,47.8225,0.1010133320762785,2496.3345,5.272895934381737,4.830710073217828,Moderate,Moderate,Medium
NY,2017,456.89,46.9,84.1858,0.1327236756372216,3948.31402,6.224740387385693,11.173448812460009,Cold,Liberal,Medium
OH,2017,86.58,53.2,16.4325,0.0771892809818476,874.2090000000001,4.106469748234293,1.2684128597342108,Moderate,Conservative,Low
OK,2017,106.81,61.8,7.675,0.2034941988891251,474.31499999999994,12.57594149134793,1.561817976474035,Warm,Conservative,High
OR,2017,336.73,48.0,85.04,0.1689342061600651,4081.92,8.108841895683124,14.366164891851938,Cold,Liberal,High
PA,2017,110.56,50.6,52.9606,0.1251208100070998,2679.80636,6.3311129863592495,6.626473170462009,Moderate,Moderate,Medium
RI,2017,111.78,51.5,89.5775,0.0947263025577049,4613.24125,4.878404581721802,8.485345367362811,Moderate,Liberal,Low
SC,2017,77.99,65.1,13.4921,0.0796611533182455,878.33571,5.1859410810177815,1.0747962466851002,Warm,Conservative,Low
SD,2017,108.03,46.8,8.5075,0.1145648597496987,398.151,5.361635436285899,0.9746605443205617,Cold,Conservative,Medium
TN,2017,123.85,60.0,13.5394,0.149057975950688,812.364,8.943478557041281,2.0181555595867455,Warm,Conservative,Medium
TX,2017,83.22,67.3,17.4336,0.0388757514373513,1173.28128,2.6163380717337423,0.6777443002582075,Warm,Conservative,Low
UT,2017,91.97,50.7,9.405,0.0967416758625004,476.8335,4.904802966228771,0.9098554614868163,Moderate,Conservative,Low
VA,2017,71.68,57.3,75.4802,0.1890451412622095,4325.01546,10.832286594324604,14.269165071499826,Warm,Liberal,High
VT,2017,196.21,43.8,91.2975,0.3203362249016567,3998.8304999999996,14.030726650692563,29.245896492959,Cold,Liberal,High
WA,2017,284.4,46.8,81.6975,0.0942968967430121,3823.443,4.413094767572966,7.703820721662232,Cold,Liberal,Low
WI,2017,86.82,44.7,19.8975,0.06908240944246,889.4182500000001,3.087983702077962,1.374567241881348,Cold,Moderate,Low
WV,2017,72.04,54.0,41.96,0.2201426083817096,2265.84,11.88770085261232,9.237183847696535,Moderate,Moderate,High
WY,2017,150.8,43.2,6.0725,0.17273215633642,262.332,7.4620291537333445,1.0489160193529103,Cold,Conservative,High
AL,2018,70.26,64.5,11.7646,0.1636768029664783,758.8167,10.55715379133785,1.9255921161794305,Warm,Conservative,High
AR,2018,90.11,61.2,8.9275,0.2325787702763002,546.363,14.233820740909573,2.0763469716416703,Warm,Conservative,High
AZ,2018,137.82,62.3,43.1386,0.0419110078423877,2687.5347799999995,2.6110557885807535,1.807982202909626,Warm,Moderate,Low
CA,2018,329.36,60.1,88.891,0.1089667248059049,5342.3491,6.548900160834885,9.686161134721694,Warm,Liberal,Medium
CO,2018,190.77,47.2,79.5986,0.0527121545618767,3757.0539200000003,2.4880136953205807,4.195813706108999,Cold,Liberal,Low
CT,2018,111.33,50.8,89.285,0.0559985664366992,4535.678,2.8447271749843193,4.999832004300687,Moderate,Liberal,Low
DE,2018,112.07,57.1,89.0,0.1035755309022775,5081.900000000001,5.914162814520045,9.218222250302698,Warm,Liberal,Medium
FL,2018,146.06,72.3,21.9746,0.1270928126331385,1588.7635799999998,9.188810353375914,2.7928137204881653,Warm,Moderate,Medium
GA,2018,90.37,65.1,18.9779,0.0856235166320351,1235.46129,5.574090932745484,1.624954536291099,Warm,Moderate,Low
IA,2018,87.31,47.5,26.235,0.0952798974026064,1246.1625,4.5257951266238035,2.499668108357379,Cold,Moderate,Low
ID,2018,114.94,44.5,7.9225,0.114250720922049,352.55125000000004,5.084157081031181,0.9051513365049333,Cold,Conservative,Medium
IL,2018,83.65,52.5,49.1994,0.1571947527448365,2582.9685,8.252724519103916,7.733887518194308,Moderate,Moderate,Medium
IN,2018,78.53,52.6,14.4144,0.0298708221361311,758.19744,1.571205244360496,0.43056997859904816,Moderate,Conservative,Low
KS,2018,76.12,54.6,14.7225,0.1717411009772412,803.8485000000001,9.37706411335737,2.5284583591374337,Moderate,Conservative,High
KY,2018,82.67,57.0,11.9158,0.0672471892356079,679.2006,3.83308978642965,0.8013040574936566,Warm,Conservative,Low
LA,2018,65.65,67.8,48.2908,0.1502245857557047,3274.11624,10.185226914236777,7.254465425811584,Warm,Moderate,Medium
MA,2018,291.57,49.5,56.1625,0.2179397861429525,2780.0437500000003,10.78801941407615,12.24004323925357,Moderate,Moderate,High
MD,2018,118.36,55.9,53.5025,0.2650849050383031,2990.78975,14.818246191641144,14.182705131811812,Moderate,Moderate,High
ME,2018,187.89,41.8,32.9,0.0746794199201378,1375.2199999999998,3.12159975266176,2.4569529153725336,Cold,Moderate,Low
MI,2018,83.64,45.1,42.47,0.2103350216224402,1915.397,9.486109475172054,8.932928368305035,Cold,Moderate,High
MN,2018,129.2,40.6,67.7075,0.1783723841020975,2748.9245,7.241918794545159,12.077148196592765,Cold,Liberal,High
MO,2018,96.1,55.2,15.045,0.1306842972852134,830.484,7.21377321014378,1.966145252656036,Moderate,Conservative,Medium
MS,2018,45.35,64.8,15.2275,0.1006366948225775,986.7419999999998,6.521257824503022,1.532445270410799,Warm,Conservative,Medium
MT,2018,132.46,41.3,64.7225,0.0942804749850329,2673.03925,3.893783616881859,6.102068042218792,Cold,Liberal,Low
NC,2018,89.27,60.4,51.6404,0.1155889522005969,3119.08016,6.981572712916052,5.969059727219704,Warm,Moderate,Medium
ND,2018,71.5,39.8,7.5475,0.1319121992401857,300.3905,5.250105529759391,0.9956073237653017,Cold,Conservative,Medium
NE,2018,125.73,48.3,9.1125,0.1557944634802198,440.13375,7.524872586094616,1.419677048463503,Cold,Conservative,Medium
NH,2018,107.13,44.5,52.55,0.2216533120546154,2338.475,9.863572386430384,11.647881548470037,Cold,Moderate,High
NJ,2018,105.76,54.2,52.6533,0.1800580124408833,2853.80886,9.759144274295874,9.48064854645356,Moderate,Moderate,High
NM,2018,121.9,55.5,53.6625,0.0955684434910961,2978.26875,5.304048613755834,5.128441598840944,Moderate,Moderate,Low
NV,2018,249.2,52.0,47.8225,0.0990968642118611,2486.77,5.153036939016777,4.739059788771727,Moderate,Moderate,Low
NY,2018,470.53,46.2,88.6303,0.1331261276359037,4094.7198600000006,6.150427096778752,11.799008630208437,Cold,Liberal,Medium
OH,2018,87.78,52.2,36.4325,0.0770789410826559,1901.7765,4.023520724514638,2.808178520993861,Moderate,Moderate,Low
OK,2018,98.24,60.2,11.675,0.2030335754085733,702.835,12.222621239596114,2.3704169928950933,Warm,Conservative,High
OR,2018,346.16,48.4,85.04,0.1673885897415663,4115.936000000001,8.10160774349181,14.234725671622801,Cold,Liberal,High
PA,2018,105.55,49.8,77.405,0.1249909967422659,3854.769,6.224551637764841,9.674928102835091,Moderate,Liberal,Medium
RI,2018,104.04,51.6,89.5775,0.0944923258057596,4622.1990000000005,4.875804011577196,8.46438631486543,Moderate,Liberal,Low
SC,2018,77.36,64.3,16.3493,0.0786757920095292,1051.25999,5.058853426212727,1.2862941263013958,Warm,Conservative,Low
SD,2018,131.9,44.1,8.5075,0.1138047429264662,375.18075000000005,5.01878916305716,0.9681938504469112,Cold,Conservative,Medium
TN,2018,116.41,59.1,13.5394,0.1476749102247302,800.17854,8.727587194281554,1.9994296794967121,Warm,Conservative,Medium
TX,2018,88.41,66.0,18.5447,0.0384230267662489,1223.9502,2.535919766572427,0.7125435044720558,Warm,Moderate,Low
UT,2018,91.2,50.4,14.405,0.095130884241569,726.012,4.794596565775078,1.3703603874998014,Moderate,Conservative,Low
VA,2018,70.28,56.6,80.9348,0.1882068195329506,4580.90968,10.652505985565003,15.232481297535449,Warm,Liberal,High
VT,2018,206.77,43.2,56.2975,0.3203290419919341,2432.052,13.838214614051555,18.033724241540913,Cold,Liberal,High
WA,2018,296.44,48.1,83.6975,0.0797462050442398,4025.8497500000003,3.8357924626279347,6.674557996690262,Cold,Liberal,Low
WI,2018,84.5,43.2,39.8975,0.0688775677126758,1723.5720000000001,2.9755109251875944,2.7480427578164828,Cold,Moderate,Low
WV,2018,68.89,53.3,26.96,0.221693729004911,1436.968,11.816275755961755,5.9768629339724,Moderate,Moderate,High
WY,2018,110.63,42.4,6.0725,0.1731298941656956,257.474,7.340707512625493,1.0513312823211864,Cold,Conservative,High
AL,2019,66.51,65.4,11.7646,0.1631592526082536,769.40484,10.670615120579786,1.9195033432350601,Warm,Conservative,Medium
AR,2019,90.03,61.2,8.9275,0.1656833909690622,546.363,10.139823527306607,1.4791384728763028,Warm,Conservative,High
AZ,2019,137.48,60.3,43.1386,0.0412160549723254,2601.2575799999995,2.485328114831222,1.7780029090291565,Warm,Moderate,Low
CA,2019,382.86,58.4,88.891,0.1113579461221404,5191.2344,6.5033040535329985,9.898719188743183,Warm,Liberal,Medium
CO,2019,167.03,45.3,79.5986,0.0520947652401499,3605.81658,2.3598928653787903,4.146670380444596,Cold,Liberal,Low
CT,2019,85.07,49.8,89.285,0.0560964657263216,4446.393,2.7936039931708154,5.008572942374624,Moderate,Liberal,Low
DE,2019,94.58,57.5,89.0,0.1026942873221848,5117.5,5.904921521025626,9.139791571674447,Warm,Liberal,Medium
FL,2019,131.89,73.2,21.9746,0.1257115682159624,1608.54072,9.20208679340845,2.7624614269184873,Warm,Moderate,Medium
GA,2019,98.36,66.2,18.9779,0.0847663317172161,1256.3369800000003,5.611531159679706,1.6086869666961556,Warm,Moderate,Low
IA,2019,73.37,46.8,26.235,0.0950850535804277,1227.798,4.449980507564016,2.4945563806825204,Cold,Moderate,Low
ID,2019,129.54,43.0,7.9225,0.1119153472313542,340.6675,4.81235993094823,0.8866493384404037,Cold,Conservative,Medium
IL,2019,80.49,52.1,49.1994,0.1499389866697138,2563.28874,7.811821205492089,7.376908180757917,Moderate,Moderate,Medium
IN,2019,81.27,52.4,14.4144,0.0297078868052272,755.31456,1.5566932685939052,0.42822136356526697,Moderate,Conservative,Low
KS,2019,81.73,53.8,14.7225,0.1716258528946759,792.0704999999999,9.233470885733563,2.5267616192418663,Moderate,Conservative,High
KY,2019,91.3,57.5,11.9158,0.0671490505236171,685.1585,3.861070405107983,0.8001346562293167,Warm,Conservative,Low
LA,2019,63.26,67.7,48.2908,0.1505766872010246,3269.28716,10.194041723509367,7.271468686287238,Warm,Moderate,Medium
MA,2019,267.99,48.5,56.1625,0.2176277616418883,2723.88125,10.554946439631582,12.222519163212551,Cold,Moderate,High
MD,2019,108.52,56.6,53.5025,0.2646517844146564,3028.2415,14.979290997869553,14.159532095645154,Warm,Moderate,High
ME,2019,156.67,40.7,32.9,0.0743930272903381,1339.03,3.027796210716761,2.4475305978521233,Cold,Moderate,Low
MI,2019,85.86,43.9,42.47,0.2102763662281336,1864.433,9.231132477415064,8.930437273708833,Cold,Moderate,High
MN,2019,141.45,39.3,67.7075,0.1773165341284679,2660.9047499999997,6.968539791248788,12.00565923450324,Cold,Liberal,High
MO,2019,100.68,55.0,15.045,0.1303477613097864,827.475,7.169126872038252,1.9610820689057364,Moderate,Conservative,Medium
MS,2019,39.78,65.2,15.2275,0.1008014047683768,992.833,6.572251590898168,1.5349533911104576,Warm,Conservative,Medium
MT,2019,126.97,39.9,64.7225,0.0935648001736562,2582.42775,3.7332355269288824,6.055747779239463,Cold,Liberal,Low
NC,2019,88.81,61.3,51.6404,0.1144155596007812,3165.5565199999996,7.013673803527888,5.908465264008181,Warm,Moderate,Medium
ND,2019,73.09,38.0,7.5475,0.1312229188701181,286.805,4.986470917064488,0.9904049801722165,Cold,Conservative,Medium
NE,2019,122.26,47.5,9.1125,0.1550862072530717,432.84375000000006,7.366594844520906,1.413223063593616,Cold,Conservative,Medium
NH,2019,102.67,43.3,52.55,0.2206351202571723,2275.4149999999995,9.55350070713556,11.594375569514403,Cold,Moderate,High
NJ,2019,99.77,54.3,87.6533,0.1801357548082173,4759.57419,9.781371486086199,15.789493356931114,Moderate,Liberal,High
NM,2019,154.57,54.5,53.6625,0.0953821222426817,2924.6062500000003,5.198325662226153,5.118443134847906,Moderate,Moderate,Low
NV,2019,232.75,49.9,47.8225,0.0973976642741471,2386.34275,4.86014344727994,4.6577997997504,Moderate,Moderate,Low
NY,2019,473.39,45.2,88.6303,0.1387920699968504,4006.0895600000003,6.273401563857639,12.30118280144185,Cold,Liberal,Medium
OH,2019,88.5,52.4,36.4325,0.0769948071280081,1909.0629999999999,4.034527893507624,2.805113310691155,Moderate,Moderate,Low
OK,2019,99.67,59.9,11.675,0.2021748453551972,699.3325,12.110273236776312,2.3603913195219275,Warm,Conservative,High
OR,2019,376.41,47.1,85.04,0.1659657773825157,4005.3840000000005,7.816988114716489,14.113729708609135,Cold,Liberal,High
PA,2019,103.1,49.9,77.405,0.1249805791896868,3862.5095,6.236530901565371,9.674121732177706,Moderate,Liberal,Medium
RI,2019,99.59,50.6,89.5775,0.0943965277181244,4532.6215,4.776464302537095,8.455804961670289,Moderate,Liberal,Low
SC,2019,81.03,65.0,16.3493,0.0776893026103217,1062.7045,5.049804669670911,1.2701657151669326,Warm,Conservative,Low
SD,2019,112.47,42.3,8.5075,0.1130379050006838,359.86725,4.781503381528924,0.9616699767933174,Cold,Conservative,Medium
TN,2019,109.34,59.8,13.5394,0.1464305932166906,809.65612,8.756549474358097,1.9825823737980608,Warm,Conservative,Medium
TX,2019,89.14,65.9,18.5447,0.0379364227629434,1222.09573,2.5000102600779703,0.7035195792119564,Warm,Moderate,Low
UT,2019,87.28,47.9,14.405,0.0935757736065163,689.9994999999999,4.482279555752131,1.347959018801867,Cold,Conservative,Low
VA,2019,67.75,57.5,80.9348,0.1874519873952597,4653.751,10.778489275227432,15.171389109437865,Warm,Liberal,High
VT,2019,174.52,41.9,56.2975,0.320518470678169,2358.86525,13.429723921415281,18.04438860300422,Cold,Liberal,High
WA,2019,283.35,46.5,83.6975,0.0787929653115283,3891.93375,3.663872886986066,6.59477421416164,Cold,Liberal,Low
WI,2019,77.94,42.1,39.8975,0.0686997911869846,1679.6847500000001,2.892261208972052,2.7409499188827184,Cold,Moderate,Low
WV,2019,77.95,54.2,26.96,0.2231959766693245,1461.2320000000002,12.097221935477389,6.017363531004989,Moderate,Moderate,High
WY,2019,94.69,40.3,6.0725,0.1727834901919451,244.72175,6.963174654735387,1.0492277441905866,Cold,Conservative,High
AL,2020,66.6,64.9,12.1296,0.1589868088644685,787.21104,10.318243895304008,1.9284463968024572,Warm,Conservative,Medium
AR,2020,78.49,61.2,8.9475,0.1326986797808348,547.587,8.12115920258709,1.1873214373390193,Warm,Conservative,Medium
AZ,2020,152.77,62.6,43.6511,0.0417438754429547,2732.55886,2.613166602728964,1.8221660813479599,Warm,Moderate,Low
CA,2020,408.95,60.5,87.0766,0.1113833815994653,5268.1343,6.738694586767651,9.698886166184,Warm,Liberal,Medium
CO,2020,170.19,47.3,80.6636,0.0691417213419232,3815.3882799999997,3.2704034194729674,5.577220153636357,Cold,Liberal,Low
CT,2020,81.2,51.8,90.05,0.0559036176908116,4664.589999999999,2.8958073963840407,5.034120773057584,Moderate,Liberal,Low
DE,2020,117.46,58.0,89.9075,0.1008204770421691,5214.635,5.847587668445807,9.064517039668818,Warm,Liberal,Medium
FL,2020,127.31,73.2,20.2256,0.1250503733008375,1480.51392,9.153687325621304,2.5292188302334186,Warm,Moderate,Medium
GA,2020,95.36,65.6,31.1014,0.0838583018321175,2040.25184,5.501104600186907,2.608110588601419,Warm,Moderate,Low
IA,2020,82.95,49.2,16.455,0.0940172440161158,809.586,4.625648405592898,1.5470537502851853,Moderate,Conservative,Low
ID,2020,125.18,44.3,8.53,0.1081467486491119,377.87899999999996,4.790900965155657,0.9224917659769245,Cold,Conservative,Medium
IL,2020,81.55,53.3,84.1094,0.1485494110914965,4483.031019999999,7.917683611176763,12.494401837259115,Moderate,Liberal,Medium
IN,2020,82.85,53.3,14.8944,0.0294589944054423,793.8715199999999,1.5701644018100744,0.4387740462724198,Moderate,Conservative,Low
KS,2020,83.35,55.6,50.6275,0.1701766160992524,2814.889,9.461819855118433,8.6156166315649,Moderate,Moderate,High
KY,2020,88.97,57.1,47.5333,0.0665460703990878,2714.15143,3.7997806197879136,3.16315432810096,Warm,Moderate,Low
LA,2020,68.21,68.2,48.4683,0.1504722032698899,3305.5380600000003,10.26220426300649,7.293131889746004,Warm,Moderate,Medium
MA,2020,256.87,50.9,56.78,0.1857749810545245,2890.102,9.455946535675297,10.548303424275902,Moderate,Liberal,High
MD,2020,103.02,57.2,54.2575,0.2591643343226392,3103.529,14.824199923254962,14.061608869510597,Warm,Moderate,High
ME,2020,153.68,43.5,68.6675,0.073286005231155,2987.03625,3.1879412275552426,5.0323667642103365,Cold,Liberal,Low
MI,2020,85.77,46.5,77.8525,0.1985973663804646,3620.14125,9.234777536691604,15.461301466135122,Cold,Liberal,High
MN,2020,139.04,42.4,78.41,0.1751136224739422,3324.584,7.424817592895148,13.730659138181807,Cold,Liberal,High
MO,2020,106.05,55.8,15.54,0.1299877519040768,867.132,7.253316556247485,2.0200096645893533,Moderate,Conservative,Medium
MS,2020,37.42,65.5,15.405,0.1014058569994885,1009.0274999999999,6.6420836334664966,1.5621572270771202,Warm,Conservative,Medium
MT,2020,142.11,43.3,45.4,0.0919784660015397,1965.8199999999997,3.9826675778666685,4.175822356469902,Cold,Moderate,Low
NC,2020,88.77,60.8,55.0223,0.1147906620092268,3345.3558399999997,6.97927225016099,6.31604624227028,Warm,Moderate,Medium
ND,2020,69.4,42.3,8.195,0.1282769962145458,346.6485,5.426116939875287,1.0512299839782029,Cold,Conservative,Medium
NE,2020,122.45,50.6,10.055,0.1528060539721169,508.783,7.731986330989116,1.5364648726896355,Moderate,Conservative,Medium
NH,2020,121.49,45.9,53.4375,0.2175959707028785,2452.78125,9.987655055262124,11.62778468443507,Cold,Moderate,High
NJ,2020,104.2,55.5,86.1842,0.1725552586646466,4783.2231,9.576816855887886,14.871536923805637,Moderate,Liberal,High
NM,2020,157.33,56.0,82.2133,0.0944069543938884,4603.9448,5.2867894460577505,7.761507263671065,Moderate,Liberal,Low
NV,2020,221.45,52.4,82.805,0.0962822224504467,4338.982,5.045188456403407,7.972649430009239,Moderate,Liberal,Low
NY,2020,453.98,47.8,84.5041,0.1193750121240246,4039.2959799999994,5.706125579528376,10.087677962029787,Cold,Liberal,Medium
OH,2020,90.31,53.0,36.48,0.0762822279699468,1933.4399999999998,4.04295808240718,2.782775676343659,Moderate,Moderate,Low
OK,2020,99.16,60.7,8.265,0.2017535409007387,501.68550000000005,12.24643993267484,1.6674930155446053,Warm,Conservative,High
OR,2020,345.23,48.8,85.5775,0.1884550548828233,4176.182,9.196606678281777,16.12751245923481,Cold,Liberal,High
PA,2020,102.92,51.2,77.6475,0.1231197592824026,3975.5519999999997,6.303731675259013,9.559941508880355,Moderate,Liberal,Medium
RI,2020,100.69,52.8,90.15,0.0912039283356012,4759.92,4.815567416119744,8.222034139454449,Moderate,Liberal,Low
SC,2020,83.53,64.6,13.8746,0.0779400294340521,896.2991599999999,5.034925901439765,1.0813867323856992,Warm,Conservative,Low
SD,2020,119.16,46.8,9.1425,0.1126313845100309,427.86899999999997,5.271148795069445,1.0297324328829573,Cold,Conservative,Medium
TN,2020,104.76,59.3,13.9869,0.1443815855148308,829.42317,8.561828021029466,2.019450798437387,Warm,Conservative,Medium
TX,2020,93.14,66.9,19.0147,0.0376269554857039,1272.0834300000001,2.517243321993591,0.715465270474014,Warm,Moderate,Low
UT,2020,95.34,50.4,9.8275,0.0913525104583399,495.30600000000004,4.604166527100331,0.8977667965293354,Moderate,Conservative,Low
VA,2020,68.97,57.4,81.5148,0.1852453684895081,4678.949519999999,10.633084151297764,15.100239163348553,Warm,Liberal,High
VT,2020,172.65,44.8,57.075,0.3110729528288974,2556.96,13.936068286734603,17.75448878270932,Cold,Liberal,High
WA,2020,296.75,48.1,83.9825,0.077674266748449,4039.55825,3.736132230600397,6.523279107201619,Cold,Liberal,Low
WI,2020,76.57,44.8,75.08,0.0678345515288212,3363.584,3.0389879084911895,5.093018128783895,Cold,Liberal,Low
WV,2020,74.85,54.0,7.55,0.2232688570085768,407.7,12.056518278463146,1.6856798704147546,Moderate,Conservative,High
WY,2020,105.94,42.8,6.88,0.1731110126301794,294.464,7.409151340571677,1.1910037668956341,Cold,Conservative,High
AL,2021,50.61,64.2,12.1296,0.1584039220811107,778.72032,10.169531797607307,1.9213762132750405,Warm,Conservative,Medium
AR,2021,70.63,61.4,8.9475,0.1651013408540296,549.3765,10.137222328437417,1.47724424729143,Warm,Conservative,High
AZ,2021,75.08,62.1,43.6511,0.0412513628418998,2710.73331,2.5617096324819775,1.8006673645480524,Warm,Moderate,Low
CA,2021,146.81,60.4,87.0766,0.1124024334104993,5259.42664,6.789106977994157,9.787621733112683,Warm,Liberal,Medium
CO,2021,147.02,47.5,80.6636,0.0688279088911204,3831.521,3.269325672328219,5.55190691162978,Cold,Liberal,Low
CT,2021,71.95,51.4,90.05,0.0554986540188934,4628.57,2.852630816571121,4.997653794401351,Moderate,Liberal,Low
DE,2021,157.13,57.4,89.9075,0.0995142708440103,5160.6905,5.712119146446191,8.947079305907856,Warm,Liberal,Low
FL,2021,96.75,72.2,20.2256,0.1236789938283265,1460.28832,8.929623354405175,2.5014818575742006,Warm,Moderate,Medium
GA,2021,50.84,64.6,31.1014,0.0834075892565464,2009.15044,5.388130265972897,2.5940927965035523,Warm,Moderate,Low
IA,2021,79.24,50.0,16.455,0.093810273100467,822.7499999999999,4.6905136550233495,1.5436480438681843,Moderate,Conservative,Low
ID,2021,99.18,45.4,8.53,0.1050123993390519,387.26199999999994,4.767562929992956,0.8957557663621126,Cold,Conservative,Medium
IL,2021,62.71,53.8,84.1094,0.1497201690640149,4525.085719999999,8.054945095644001,12.592873587872853,Moderate,Liberal,Medium
IN,2021,73.01,53.5,14.8944,0.0293522056274635,796.8503999999999,1.5703430010692974,0.43718349149769237,Moderate,Conservative,Low
KS,2021,61.37,56.1,50.6275,0.1701869265126044,2840.20275,9.547486577357107,8.616138622016878,Moderate,Moderate,High
KY,2021,56.44,57.0,47.5333,0.0665542639098411,2709.3981,3.7935930428609423,3.1635437927056493,Warm,Moderate,Low
LA,2021,46.06,67.5,48.4683,0.1512843936964547,3271.6102499999997,10.211696574510691,7.332497378997875,Warm,Moderate,Medium
MA,2021,215.66,50.8,56.78,0.1716259167148053,2884.424,8.718596569112108,9.744919551066644,Moderate,Liberal,High
MD,2021,73.68,56.8,54.2575,0.1943305676314909,3081.826,11.037976241468682,10.543890773265618,Warm,Moderate,High
ME,2021,149.62,44.2,68.6675,0.0725275187538031,3035.1035,3.2057163289180974,4.980283394026775,Cold,Liberal,Low
MI,2021,67.31,47.4,77.8525,0.1992405547773551,3690.2085,9.444002296446632,15.51137529080404,Cold,Liberal,High
MN,2021,118.49,44.3,78.41,0.1748873026221902,3473.5629999999996,7.747507506163026,13.712913398605934,Cold,Liberal,High
MO,2021,79.83,56.3,15.54,0.1296513852521225,874.9019999999999,7.299372989694496,2.0147825268179833,Moderate,Conservative,Medium
MS,2021,21.22,64.7,15.405,0.1017093269486998,996.7035,6.580593453580877,1.5668321816447204,Warm,Conservative,Medium
MT,2021,162.79,44.0,10.4,0.0903860024621147,457.6,3.976984108333047,0.9400144256059929,Cold,Conservative,Low
NC,2021,68.6,60.2,55.0223,0.1135600117345345,3312.3424600000003,6.836312706418978,6.248333033661078,Warm,Moderate,Medium
ND,2021,70.44,43.8,8.195,0.1285376782496253,358.941,5.629950307333588,1.0533662732556794,Cold,Conservative,Medium
NE,2021,98.51,51.0,10.055,0.1527298163729417,512.805,7.789220635020026,1.5356983036299288,Moderate,Conservative,Medium
NH,2021,107.46,46.1,53.4375,0.2162171512093025,2463.46875,9.967610670748845,11.554104017747102,Cold,Moderate,High
NJ,2021,89.13,55.1,86.1842,0.1726151464396777,4748.74942,9.511094568826241,14.876698303786473,Moderate,Liberal,High
NM,2021,129.76,55.4,82.2133,0.094475542643898,4554.61682,5.233945062471949,7.76714613004558,Moderate,Liberal,Low
NV,2021,225.32,52.5,82.805,0.0953400334071477,4347.262500000001,5.005351753875254,7.894631466278866,Moderate,Liberal,Low
NY,2021,397.49,47.7,84.5041,0.1208792393230641,4030.84557,5.765939715710158,10.21479132768014,Cold,Liberal,Medium
OH,2021,67.27,53.2,36.48,0.0764966115825899,1940.7359999999999,4.069619736193783,2.7905963905328792,Moderate,Moderate,Low
OK,2021,67.49,60.8,8.265,0.2004191767080849,502.512,12.185485943851562,1.6564644954923218,Warm,Conservative,High
OR,2021,212.57,49.2,85.5775,0.1879493899280271,4210.4130000000005,9.247109984458934,16.084238916565738,Moderate,Liberal,High
PA,2021,79.45,51.2,77.6475,0.1229481679724018,3975.5519999999997,6.294946200186972,9.546617872637068,Moderate,Liberal,Medium
RI,2021,115.49,52.5,90.15,0.0911500585183375,4732.875,4.785378072212719,8.217177775428127,Moderate,Liberal,Low
SC,2021,61.75,63.7,13.8746,0.0770141906347663,883.81202,4.905803943434614,1.0685410893811285,Warm,Conservative,Low
SD,2021,91.15,48.0,9.1425,0.1115699113800193,438.84000000000003,5.355355746240926,1.0200279147918265,Cold,Conservative,Medium
TN,2021,97.98,59.0,13.9869,0.1436016352779819,825.2271000000001,8.472496481400931,2.008541712469605,Warm,Conservative,Medium
TX,2021,58.51,66.2,19.0147,0.0372108304083929,1258.7731400000002,2.4633569730356104,0.7075527769664686,Warm,Moderate,Low
UT,2021,106.76,50.7,9.8275,0.0898396183133869,498.25425000000007,4.554868648488716,0.8828988489748097,Moderate,Conservative,Low
VA,2021,67.13,57.1,81.5148,0.1848141024248996,4654.49508,10.552885248461767,15.065084596345205,Warm,Liberal,High
VT,2021,400.41,45.0,57.075,0.3090745843333184,2568.375,13.90835629499933,17.64043190082415,Cold,Liberal,High
WA,2021,148.69,48.3,83.9825,0.0775050303994105,4056.35475,3.743492968291527,6.509066215518492,Cold,Liberal,Low
WI,2021,72.06,45.8,75.08,0.0680274654088841,3438.6639999999998,3.1156579157268918,5.107502102899018,Cold,Liberal,Low
WV,2021,63.74,53.6,7.55,0.2240583806516626,404.68,12.009529202929114,1.6916407739200525,Moderate,Conservative,High
WY,2021,69.88,43.6,6.88,0.1725482617488111,299.968,7.523104212248165,1.1871320408318204,Cold,Conservative,High
AL,2022,73.95,64.0,12.1296,0.1576695494572915,776.2944,10.090851165266656,1.912468567097163,Warm,Conservative,Medium
AR,2022,80.72,61.2,8.9475,0.1641279357563868,547.587,10.044629668290872,1.4685347051802708,Warm,Conservative,High
AZ,2022,184.0,61.2,39.2067,0.0407294149463919,2399.45004,2.4926401947191845,1.5968659529787033,Warm,Moderate,Low
CA,2022,439.34,60.1,86.6121,0.1127031397250494,5205.38721,6.773458697475469,9.76145560817995,Warm,Liberal,Medium
CO,2022,178.0,46.2,81.735,0.0684809671703955,3776.157,3.163820683272272,5.597291851672275,Cold,Liberal,Low
CT,2022,81.19,51.0,90.05,0.0554215278274262,4592.55,2.8264979191987365,4.990708580859729,Moderate,Liberal,Low
DE,2022,232.38,56.5,89.9075,0.0980912425119597,5079.77375,5.542155201925723,8.819138386144017,Moderate,Liberal,Low
FL,2022,116.69,72.5,17.7918,0.1213727473499047,1289.9054999999998,8.79952418286809,2.1594396463000343,Warm,Conservative,Medium
GA,2022,97.95,64.8,29.6729,0.0824693145425473,1922.8039199999998,5.344011582357065,2.4471037234895516,Warm,Moderate,Low
IA,2022,75.6,47.5,11.455,0.0937589950035831,544.1125,4.453552262670198,1.0740092877660445,Cold,Conservative,Low
ID,2022,103.04,43.5,8.53,0.103146164303588,371.05499999999995,4.486858147206078,0.8798367815096055,Cold,Conservative,Medium
IL,2022,73.21,52.1,86.1356,0.1510031976913995,4487.66476,7.867266599721914,13.00675103506731,Moderate,Liberal,Medium
IN,2022,79.75,52.2,14.8944,0.0292728306856545,777.48768,1.528041761791165,0.43600124936441237,Moderate,Conservative,Low
KS,2022,81.62,55.2,50.6275,0.1702582067860835,2794.638,9.398253014591809,8.619747364062443,Moderate,Moderate,High
KY,2022,88.31,56.3,47.5333,0.0664958020091928,2676.12479,3.7437136531175548,3.160764905643564,Moderate,Moderate,Low
LA,2022,160.7,67.3,48.4683,0.1525711619144019,3261.91659,10.268039196839247,7.394864847015805,Warm,Moderate,Medium
MA,2022,222.08,50.3,56.78,0.1718523101246788,2856.034,8.644171199271343,9.757774168879262,Moderate,Liberal,High
MD,2022,86.78,55.7,54.2575,0.1784560984208095,3022.14275,9.94000468203909,9.682581760067071,Moderate,Moderate,High
ME,2022,317.49,43.4,68.6675,0.071976725606008,2980.1695,3.123789891300747,4.942461805550555,Cold,Liberal,Low
MI,2022,81.79,45.1,78.6217,0.199336587901804,3545.83867,8.990080114371361,15.672181413039265,Cold,Liberal,High
MN,2022,138.55,40.0,78.41,0.1749995625010937,3136.3999999999996,6.999982500043748,13.721715695710756,Cold,Liberal,High
MO,2022,97.0,55.0,15.54,0.1295091860865691,854.6999999999999,7.123005234761301,2.012572751785284,Moderate,Conservative,Medium
MS,2022,40.7,64.7,15.405,0.1020780366174333,996.7035,6.604448969147935,1.5725121540915599,Warm,Conservative,Medium
MT,2022,141.16,42.1,10.4,0.0890568699360037,437.84000000000003,3.749294224305756,0.9261914473344385,Cold,Conservative,Low
NC,2022,87.72,59.9,57.33,0.112191840567915,3434.067,6.720291250018108,6.431958219758567,Warm,Liberal,Medium
ND,2022,78.31,39.4,8.195,0.1283842077153773,322.883,5.058337783985866,1.0521085822275171,Cold,Conservative,Medium
NE,2022,114.12,49.7,10.055,0.1524343770007012,499.7335,7.57598853693485,1.5327276607420506,Moderate,Conservative,Medium
NH,2022,114.72,45.4,53.4375,0.2144384250784308,2426.0625,9.735504498560758,11.459053340128646,Cold,Moderate,High
NJ,2022,94.51,54.3,84.5175,0.1727709337091965,4589.300249999999,9.38146170040937,14.602167389767015,Moderate,Liberal,High
NM,2022,121.13,54.6,88.88,0.0946308356470572,4852.848,5.166843626329323,8.410788672310444,Moderate,Liberal,Low
NV,2022,239.75,51.6,82.805,0.0944161947692798,4272.738,4.871875650094838,7.818133007870214,Moderate,Liberal,Low
NY,2022,377.05,46.6,84.2762,0.1219933716934713,3927.2709200000004,5.684891120915762,10.281137791513325,Cold,Liberal,Medium
OH,2022,90.6,51.7,38.1467,0.0765325841303564,1972.1843900000003,3.9567345995394256,2.9194655270454666,Moderate,Moderate,Low
OK,2022,93.4,60.9,8.265,0.1990410698855588,503.3385,12.12160115603053,1.6450744426041437,Warm,Conservative,High
OR,2022,423.62,48.3,82.9108,0.1887068837204694,4004.5916399999996,9.11454248369867,15.645838694771093,Cold,Liberal,High
PA,2022,97.83,49.6,78.2357,0.1233417187714764,3880.49072,6.11774925106523,9.649725707289596,Moderate,Liberal,Medium
RI,2022,144.17,52.1,90.15,0.091420881626414,4696.8150000000005,4.763027932736169,8.241592478621223,Moderate,Liberal,Low
SC,2022,68.3,63.8,13.8746,0.0757152010569842,885.1994799999999,4.830629827435592,1.050518128585233,Warm,Conservative,Low
SD,2022,152.66,45.2,9.1425,0.1099059315132178,413.24100000000004,4.967748104397445,1.0048149788595937,Cold,Conservative,Medium
TN,2022,149.91,58.5,11.7647,0.1418645772095124,688.23495,8.299077766756476,1.6689941914967505,Warm,Conservative,Medium
TX,2022,81.36,66.5,18.6346,0.0366302220377539,1239.2008999999998,2.4359097655106345,0.6825895355847288,Warm,Moderate,Low
UT,2022,105.2,49.5,9.8275,0.0887249514674515,486.46125,4.391885097638849,0.8719444605463798,Moderate,Conservative,Low
VA,2022,75.23,56.2,44.6966,0.1843509332017067,2511.94892,10.360522445935917,8.239859920943402,Moderate,Moderate,High
VT,2022,429.6,44.2,57.075,0.309066464743243,2522.715,13.660737741651342,17.639968475220595,Cold,Liberal,High
WA,2022,323.86,47.1,85.9825,0.0770764689779416,4049.7757500000002,3.6303016888610493,6.627227493895863,Cold,Liberal,Low
WI,2022,81.06,42.9,72.58,0.0679054545565663,3113.682,2.913144000476694,4.928577891715582,Cold,Liberal,Low
WV,2022,77.51,52.4,7.55,0.2254746946931712,395.62,11.81487400192217,1.7023339449334425,Moderate,Conservative,High
WY,2022,111.41,42.0,6.88,0.1719309044081364,288.96,7.221097985141729,1.1828846223279785,Cold,Conservative,High
